1102180,ASP LED TUBE 1800 21-7903-007 - LONG CABLE,od 92 do 116
1102212,ASP LED TUBE 1130 21-7901-007 - LONG CABLE,od 92 do 116
1102213,ASP LED TUBE 1380 21-7902-007 - LONG CABLE,od 92 do 116
1102214,ASP LED TUBE 2336 21-7904-007 - LONG CABLE,od 92 do 116
1102441,ASP LED TUBE 1130 21-7901-107 - SHORT CABLE,od 92 do 116
1102442,ASP LED TUBE 1380 21-7902-107 - SHORT CABLE,od 92 do 116
1102443,ASP LED TUBE 1800 21-7903-107 - SHORT CABLE,od 92 do 116
1102444,ASP LED TUBE 2336 21-7904-107 - SHORT CABLE,od 92 do 116
1102627,ASP LED TUBE 350 21-7905-107 - SHORT CABLE,od 88 do 115
1102676,ASP LED TUBE 1800 21-7903-127 - COLOR:GREEN,od 70 do 100
1102677,ASP LED TUBE 1800  21-7903-137 - COLOR:BLUE,od 85 do 110
1102678,ASP LED TUBE 1800 21-7903-147 - COLOR:AMBER,od 95 do 120
1102870,ASP LED TUBE 12V 450 P&R 21-8004-007,od 190 do 250
1102871,ASP LED TUBE 24V 450 P&R 21-8004-017,od 170 do 190
1102872,ASP LED TUBE 12V 450 DC 21-8004-027,od 210 do 235
1102873,ASP LED TUBE 12V 900 P&R 21-8004-037,od 275 do 360
1102874,ASP LED TUBE 24V 900 P&R 21-8004-047,od 350 do 375
1102875,ASP LED TUBE 12V 900 DC 21-8004-057,od 350 do 380
1102876,ASP LED TUBE 12V 1350 P&R 21-8004-067,od 660 do 700
1102877,ASP LED TUBE 24V 1350 P&R 21-8004-077,od 530 do 550
1102878,ASP LED TUBE 12V 1350 DC 21-8004-087,od 690 do 800
1103238,ASP DOUBLE LED TUBE HO 450mm LONG CABLE (21-7903-197),od 80 do 110
1103239,ASP DOUBLE LED TUBE HO 900mm LONG CABLE (21-7903-187),od 168 do 200
1103240,ASP DOUBLE LED TUBE HO 1800mm SHORT CABLE (21-7903-177),od 320 do 400
1103411,ASP DOUBLE LED TUBE HO 900mm CABLE_1M (21-7903-207),od 168 do 200
1103540,ASP D_LED HO 900 SC (21-7903-217),od 168 do 200
1103541,ASP D_LED HO 450SC (21-7903-227),od 80 do 110
1103637,ASP D_LED HO 1800 SC 5700K (21-7903-237),od 340 do 370
1104214,ASP D_LED HO 1800 LC 21-7903-257,od 320 do 400